<?xml version="1.0" encoding="UTF-8"?>
<project-private xmlns="http://www.netbeans.org/ns/project-private/1">
    <editor-bookmarks xmlns="http://www.netbeans.org/ns/editor-bookmarks/2" lastBookmarkId="0"/>
    <open-files xmlns="http://www.netbeans.org/ns/projectui-open-files/2">
        <group>
            <file>file:/C:/UNIVERSIDAD_JAVA/in5bm-control-academico-michael-salvatierra-bickson-garcia/src/org/in5bm/michaelsalvatierra/bicksongarcia/controllers/SalonesController.java</file>
            <file>file:/C:/UNIVERSIDAD_JAVA/in5bm-control-academico-michael-salvatierra-bickson-garcia/src/org/in5bm/michaelsalvatierra/bicksongarcia/controllers/AlumnosController.java</file>
        </group>
    </open-files>
</project-private>
